{
  "rf_val": {
    "accuracy": 0.48366013071895425,
    "roc_auc": 0.4931623931623931,
    "log_loss": 0.7020584275350434,
    "brier": 0.25443529405082066,
    "f1": 0.5182926829268293
  },
  "rf_test": {
    "accuracy": 0.5,
    "roc_auc": 0.5252564102564103,
    "log_loss": 0.6931020338757912,
    "brier": 0.25004139490083466,
    "f1": 0.5111821086261981
  },
  "rf_calibrated_test": {
    "accuracy": 0.5098039215686274,
    "roc_auc": 0.47474358974358977,
    "log_loss": 0.6929625034300747,
    "brier": 0.2499076661556851,
    "f1": 0.6753246753246753
  },
  "xgb_test": {
    "accuracy": 0.5032679738562091,
    "roc_auc": 0.5263675213675214,
    "log_loss": 0.8971298008598749,
    "brier": 0.31164765110864895,
    "f1": 0.5220125786163522
  },
  "class_weights": {
    "0": 1.0200445434298442,
    "1": 0.9807280513918629
  },
  "shap_top20": {
    "info": "SHAP failed or not available."
  }
}